Modelo,Accuracy,Precision,Recall,F1-Score
random_forest,0.8958333333333334,0.8968610747308846,0.8988333333333334,0.8953623938371111
svm,0.8458333333333333,0.8560515873015874,0.8508333333333333,0.8431554218139584
xgboost,0.8666666666666667,0.8709317797676844,0.8696666666666667,0.865523495989376
